DROP DATABASE IF EXISTS vk;
CREATE DATABASE vk;
USE vk;

-- MariaDB dump 10.17  Distrib 10.4.15-MariaDB, for Linux (x86_64)
--
-- Host: mysql.hostinger.ro    Database: u574849695_23
-- ------------------------------------------------------
-- Server version	10.4.15-MariaDB-cll-lve

/*!40101 SET @OLD_CHARACTER_SET_CLIENT=@@CHARACTER_SET_CLIENT */;
/*!40101 SET @OLD_CHARACTER_SET_RESULTS=@@CHARACTER_SET_RESULTS */;
/*!40101 SET @OLD_COLLATION_CONNECTION=@@COLLATION_CONNECTION */;
/*!40101 SET NAMES utf8mb4 */;
/*!40103 SET @OLD_TIME_ZONE=@@TIME_ZONE */;
/*!40103 SET TIME_ZONE='+00:00' */;
/*!40014 SET @OLD_UNIQUE_CHECKS=@@UNIQUE_CHECKS, UNIQUE_CHECKS=0 */;
/*!40014 SET @OLD_FOREIGN_KEY_CHECKS=@@FOREIGN_KEY_CHECKS, FOREIGN_KEY_CHECKS=0 */;
/*!40101 SET @OLD_SQL_MODE=@@SQL_MODE, SQL_MODE='NO_AUTO_VALUE_ON_ZERO' */;
/*!40111 SET @OLD_SQL_NOTES=@@SQL_NOTES, SQL_NOTES=0 */;

--
-- Table structure for table `communities`
--

DROP TABLE IF EXISTS `communities`;
/*!40101 SET @saved_cs_client     = @@character_set_client */;
/*!40101 SET character_set_client = utf8 */;
CREATE TABLE `communities` (
  `id` bigint(20) unsigned NOT NULL AUTO_INCREMENT,
  `name` varchar(150) COLLATE utf8mb4_unicode_ci DEFAULT NULL,
  `admin_user_id` bigint(20) unsigned NOT NULL,
  PRIMARY KEY (`id`),
  KEY `communities_name_idx` (`name`),
  KEY `admin_user_id` (`admin_user_id`),
  CONSTRAINT `communities_ibfk_1` FOREIGN KEY (`admin_user_id`) REFERENCES `users` (`id`)
) ENGINE=InnoDB DEFAULT CHARSET=utf8mb4 COLLATE=utf8mb4_unicode_ci;
/*!40101 SET character_set_client = @saved_cs_client */;

--
-- Dumping data for table `communities`
--

LOCK TABLES `communities` WRITE;
/*!40000 ALTER TABLE `communities` DISABLE KEYS */;
/*!40000 ALTER TABLE `communities` ENABLE KEYS */;
UNLOCK TABLES;

--
-- Table structure for table `friend_requests`
--

DROP TABLE IF EXISTS `friend_requests`;
/*!40101 SET @saved_cs_client     = @@character_set_client */;
/*!40101 SET character_set_client = utf8 */;
CREATE TABLE `friend_requests` (
  `initiator_user_id` bigint(20) unsigned NOT NULL,
  `target_user_id` bigint(20) unsigned NOT NULL,
  `status` enum('requested','approved','declined','unfriended') COLLATE utf8mb4_unicode_ci DEFAULT NULL,
  `requested_at` datetime DEFAULT current_timestamp(),
  `updated_at` datetime DEFAULT NULL ON UPDATE current_timestamp(),
  PRIMARY KEY (`initiator_user_id`,`target_user_id`),
  KEY `target_user_id` (`target_user_id`),
  CONSTRAINT `friend_requests_ibfk_1` FOREIGN KEY (`initiator_user_id`) REFERENCES `users` (`id`),
  CONSTRAINT `friend_requests_ibfk_2` FOREIGN KEY (`target_user_id`) REFERENCES `users` (`id`),
  CONSTRAINT `CONSTRAINT_1` CHECK (`initiator_user_id` <> `target_user_id`)
) ENGINE=InnoDB DEFAULT CHARSET=utf8mb4 COLLATE=utf8mb4_unicode_ci;
/*!40101 SET character_set_client = @saved_cs_client */;

--
-- Dumping data for table `friend_requests`
--

LOCK TABLES `friend_requests` WRITE;
/*!40000 ALTER TABLE `friend_requests` DISABLE KEYS */;
/*!40000 ALTER TABLE `friend_requests` ENABLE KEYS */;
UNLOCK TABLES;

--
-- Table structure for table `likes`
--

DROP TABLE IF EXISTS `likes`;
/*!40101 SET @saved_cs_client     = @@character_set_client */;
/*!40101 SET character_set_client = utf8 */;
CREATE TABLE `likes` (
  `id` bigint(20) unsigned NOT NULL AUTO_INCREMENT,
  `user_id` bigint(20) unsigned NOT NULL,
  `media_id` bigint(20) unsigned DEFAULT NULL,
  `post_id` bigint(20) unsigned DEFAULT NULL,
  `created_at` datetime DEFAULT current_timestamp(),
  PRIMARY KEY (`id`),
  KEY `user_id` (`user_id`),
  KEY `media_id` (`media_id`),
  KEY `post_id` (`post_id`),
  CONSTRAINT `likes_ibfk_1` FOREIGN KEY (`user_id`) REFERENCES `users` (`id`),
  CONSTRAINT `likes_ibfk_2` FOREIGN KEY (`media_id`) REFERENCES `media` (`id`),
  CONSTRAINT `likes_ibfk_3` FOREIGN KEY (`post_id`) REFERENCES `posts` (`id`)
) ENGINE=InnoDB DEFAULT CHARSET=utf8mb4 COLLATE=utf8mb4_unicode_ci;
/*!40101 SET character_set_client = @saved_cs_client */;

--
-- Dumping data for table `likes`
--

LOCK TABLES `likes` WRITE;
/*!40000 ALTER TABLE `likes` DISABLE KEYS */;
/*!40000 ALTER TABLE `likes` ENABLE KEYS */;
UNLOCK TABLES;

--
-- Table structure for table `media`
--

DROP TABLE IF EXISTS `media`;
/*!40101 SET @saved_cs_client     = @@character_set_client */;
/*!40101 SET character_set_client = utf8 */;
CREATE TABLE `media` (
  `id` bigint(20) unsigned NOT NULL AUTO_INCREMENT,
  `media_type_id` bigint(20) unsigned NOT NULL,
  `user_id` bigint(20) unsigned NOT NULL,
  `body` text COLLATE utf8mb4_unicode_ci DEFAULT NULL,
  `filename` varchar(255) COLLATE utf8mb4_unicode_ci DEFAULT NULL,
  `size` int(11) DEFAULT NULL,
  `metadata` longtext CHARACTER SET utf8mb4 COLLATE utf8mb4_bin DEFAULT NULL CHECK (json_valid(`metadata`)),
  `created_at` datetime DEFAULT current_timestamp(),
  `updated_at` datetime DEFAULT NULL ON UPDATE current_timestamp(),
  PRIMARY KEY (`id`),
  KEY `user_id` (`user_id`),
  KEY `media_type_id` (`media_type_id`),
  CONSTRAINT `media_ibfk_1` FOREIGN KEY (`user_id`) REFERENCES `users` (`id`),
  CONSTRAINT `media_ibfk_2` FOREIGN KEY (`media_type_id`) REFERENCES `media_types` (`id`)
) ENGINE=InnoDB AUTO_INCREMENT=101 DEFAULT CHARSET=utf8mb4 COLLATE=utf8mb4_unicode_ci;
/*!40101 SET character_set_client = @saved_cs_client */;

--
-- Dumping data for table `media`
--

LOCK TABLES `media` WRITE;
/*!40000 ALTER TABLE `media` DISABLE KEYS */;
INSERT INTO `media` VALUES (1,1,1,'Possimus ut qui non facere odit. Occaecati doloremque perferendis qui facilis est rerum. Quia porro et autem et assumenda qui rerum. Voluptatum sit qui aliquam possimus.','est',36634,NULL,'1985-10-10 16:30:46','1982-07-23 04:20:29'),(2,2,2,'Sunt aliquam dolores illum fugit vero. Dolorem ipsum hic hic aliquam sit nihil.','omnis',420,NULL,'1972-11-21 14:18:44','1978-01-27 16:28:42'),(3,3,3,'Molestiae similique ut at et laudantium neque sed. Id voluptatum nisi et atque. Numquam omnis error id possimus quaerat dolor. Deleniti blanditiis itaque atque id atque aperiam.','non',624899,NULL,'2008-06-14 04:01:11','1999-08-15 17:21:41'),(4,4,4,'Et ipsam amet laboriosam eos fugiat eum. Omnis enim facere sit labore quo voluptatibus. Porro totam dolor voluptatem voluptatum sed autem vitae delectus.','iusto',610317,NULL,'2007-04-18 21:12:29','2007-03-03 04:10:51'),(5,5,5,'Aut veritatis commodi totam est nam laborum. Sunt commodi qui est molestias praesentium facilis. Asperiores quis aut et sit quo.','quo',8136,NULL,'2009-01-30 20:57:37','2001-09-09 03:35:39'),(6,6,6,'In temporibus rerum et excepturi. Debitis aut dignissimos rerum error sit beatae esse.','fugiat',26456,NULL,'1985-06-23 18:28:49','2010-12-28 18:03:33'),(7,7,7,'Reiciendis quia autem repudiandae quam velit voluptatem impedit. Est enim et et alias quia consequatur dolorum quos. Molestias exercitationem ipsum praesentium ipsum. Voluptatum pariatur debitis omnis ducimus.','reiciendis',523,NULL,'1983-11-25 15:26:01','1992-02-05 22:33:12'),(8,8,8,'Possimus vero vero et. Voluptatem optio eaque ab ipsum et laboriosam. Voluptas et consequatur quaerat et consequatur quaerat est. Quod fugiat enim ipsum voluptas magni voluptatum sit quisquam.','ad',2,NULL,'1991-10-08 16:06:04','2015-12-05 14:52:06'),(9,9,9,'Sint quasi ea voluptates culpa quos possimus magni. Quia illum assumenda sunt ex ea sequi ex laborum. Atque et eum sed qui modi ipsa.','non',4340,NULL,'1995-01-05 06:26:07','2018-08-09 11:27:32'),(10,10,10,'Voluptas dignissimos voluptatum voluptas odit optio nemo aut. Aut et similique est atque culpa. Ea voluptas qui sunt incidunt quod iste quo sint. Fuga veritatis maiores nemo voluptas aut temporibus.','consequuntur',7,NULL,'2013-03-22 10:36:30','1990-05-06 11:34:01'),(11,11,11,'Nisi praesentium nostrum aut labore maiores ut cupiditate. Saepe sint aut delectus repellat. Reprehenderit consequatur enim dolor sed ut.','quidem',59596,NULL,'2003-03-06 19:39:33','1986-10-19 10:10:34'),(12,12,12,'Commodi tenetur iste et tempore eum saepe. Quibusdam at similique ullam est. Consequatur asperiores incidunt molestias quia aut architecto aperiam. Eius facilis quia ipsum modi voluptatem aut.','hic',481,NULL,'2009-03-25 17:17:37','1980-07-05 17:12:53'),(13,13,13,'Officia at aut atque adipisci consectetur. Voluptatum quo aperiam a accusamus adipisci beatae et. Qui qui mollitia voluptas voluptatem ex.','dignissimos',4833215,NULL,'2016-12-01 12:10:15','1983-11-12 14:53:28'),(14,14,14,'Est molestiae minima minima optio. Ipsum et unde ea quia incidunt incidunt maxime. Aut vero libero et omnis libero odit.','autem',4984798,NULL,'2007-03-16 21:06:11','2017-10-06 10:17:38'),(15,15,15,'Facilis nulla expedita praesentium aut voluptate. Recusandae qui vel a dolores culpa eius tenetur in. Officiis omnis mollitia dolorum doloribus.','beatae',35244,NULL,'1992-04-03 17:20:36','1991-05-03 12:10:33'),(16,16,16,'Labore distinctio rerum temporibus. Ex et repellat maiores qui consectetur quia. Animi suscipit repudiandae quia dolore.','qui',959775,NULL,'2016-04-18 18:42:36','1987-12-13 01:39:24'),(17,17,17,'Sunt cum nemo id sunt tempore. Est et est quod dolores cumque itaque. Qui maxime sint error dolorem. Dolorum magnam corporis harum est laboriosam omnis consequuntur.','neque',59017928,NULL,'1981-12-28 08:46:26','2003-08-19 01:41:20'),(18,18,18,'Doloribus qui cumque voluptatem quia similique nihil aut. Voluptas porro aperiam ut esse quasi qui. Iusto vero iusto qui enim nam doloremque. Illum aut debitis libero odit.','impedit',38249048,NULL,'2014-05-06 22:56:38','1997-05-22 01:12:27'),(19,19,19,'Alias saepe perspiciatis harum omnis cumque enim qui. Consequatur recusandae eos sunt vel sed nisi dignissimos. Quibusdam omnis sit aspernatur id nam quia. Officiis non ut sint quae.','ipsum',0,NULL,'2013-05-30 10:54:16','1978-11-27 14:49:20'),(20,20,20,'Quo et tempore sequi placeat et eius qui. Voluptas modi in laboriosam. Sint unde recusandae rerum inventore. Doloremque provident et dolores sunt laudantium occaecati molestiae.','ut',0,NULL,'1990-02-27 03:32:51','2007-04-02 15:46:50'),(21,21,21,'Officia blanditiis quos nesciunt laboriosam sapiente qui et. Provident qui incidunt ut.','quibusdam',92654,NULL,'1991-02-16 09:20:25','1994-04-18 04:12:34'),(22,22,22,'Dolorem velit ea occaecati quibusdam voluptas perferendis. Enim ipsa minus qui sed dolores expedita ipsum. Itaque facilis reprehenderit laboriosam et nihil. Amet illo sequi labore in doloremque.','ullam',9863,NULL,'2017-02-05 14:51:39','2004-03-31 21:31:46'),(23,23,23,'Non molestiae rerum recusandae omnis qui aspernatur quia. Saepe iste dolorem dolore tempora. Odio dolor quis officiis numquam quis asperiores.','eum',4401,NULL,'1986-03-13 19:51:11','1980-03-25 07:06:57'),(24,24,24,'Aliquam laboriosam magni facere nesciunt. Earum officiis delectus sed cumque. Qui repellat eveniet provident. Eveniet delectus inventore delectus quo maxime totam nobis.','sed',608993262,NULL,'1980-09-02 02:02:41','2003-06-10 00:37:38'),(25,25,25,'Quas veniam hic et quia asperiores est. Aliquid modi a impedit adipisci et. Velit voluptas quo ullam magni. Voluptatum facilis provident ipsam placeat sed et.','autem',39366,NULL,'1972-06-28 08:37:52','1992-01-28 16:17:37'),(26,26,26,'Consequatur quisquam quaerat eveniet id odit inventore. Aperiam optio reprehenderit voluptas odio optio. Mollitia natus qui hic rem qui necessitatibus. Et dolorem voluptatem ducimus.','eum',28601,NULL,'1987-12-21 16:40:14','1981-09-10 10:08:23'),(27,27,27,'Laudantium voluptatum dolor facilis. Facere ut sit explicabo assumenda eum blanditiis. Molestias asperiores culpa rem cupiditate. Ut commodi eum voluptatem expedita et modi aperiam.','totam',20418,NULL,'1972-07-26 17:37:06','1978-04-30 17:27:38'),(28,28,28,'Cum suscipit at quibusdam velit. Incidunt enim vitae voluptates facilis et culpa. Nulla ducimus itaque et neque.','doloremque',96,NULL,'2010-04-24 06:53:34','1971-08-28 20:05:29'),(29,29,29,'Quasi provident ut nobis et asperiores alias. Odio quo ratione sapiente occaecati. Sit distinctio qui quam eveniet quae vitae.','libero',20,NULL,'2017-12-15 13:40:40','1986-03-02 19:38:31'),(30,30,30,'Natus vel quis distinctio cumque voluptates deleniti quasi. Et pariatur a eum autem blanditiis tenetur et. Aut ex veniam natus sunt.','aperiam',379996,NULL,'2017-09-18 07:39:29','1979-01-07 03:18:41'),(31,31,31,'Voluptatem eos et et maiores. Rem maxime quo est velit ipsam ullam. Est eveniet voluptate incidunt aut at. Odit qui officiis dicta eum unde maxime.','voluptatem',0,NULL,'1982-07-06 03:21:42','1989-12-02 21:39:25'),(32,32,32,'Rerum autem nobis est eum et quis ea. Sed eum eligendi enim doloribus corporis officia expedita. Error temporibus in consequuntur voluptatem sint ut.','quia',655345680,NULL,'1977-10-29 04:59:03','2014-06-08 16:51:07'),(33,33,33,'Nihil esse asperiores adipisci quia voluptas aut sunt sequi. Veritatis doloremque libero excepturi. Et impedit est sit ratione. In possimus quam quia.','a',8053601,NULL,'2020-03-06 17:23:45','1983-10-18 15:59:10'),(34,34,34,'Hic cumque eaque et excepturi facere. Blanditiis nesciunt similique et nisi. Consequatur eligendi blanditiis magni aliquid dolores. Ut est nihil et dolorum deleniti dolorem.','dignissimos',0,NULL,'1972-09-15 00:09:27','1993-12-17 22:02:32'),(35,35,35,'Labore consequatur voluptatem at modi laborum ut quae expedita. Ea similique ducimus vel aut. Vitae velit quis consequatur at quis et et.','perferendis',33,NULL,'2006-10-31 17:06:28','2014-03-08 07:14:14'),(36,36,36,'Quod consequatur autem distinctio tempore ut. Iure iste facilis et cumque. Velit voluptas unde voluptatem. Consectetur nemo voluptas veniam ducimus in voluptatem aspernatur.','sint',24419,NULL,'1986-05-12 09:40:05','2016-07-01 19:36:56'),(37,37,37,'Ducimus ad minus ut necessitatibus voluptatem sapiente. Voluptatem voluptatem qui neque hic earum cupiditate nulla laudantium. Atque aut esse fugit quia aut. Et ut et eaque nam et.','et',266095329,NULL,'1973-02-03 15:48:53','2020-05-31 18:51:27'),(38,38,38,'A ea sunt consectetur magnam qui. Enim provident inventore odit est nihil architecto veritatis amet. Quo totam omnis sed.','consequuntur',247473,NULL,'1997-09-29 06:33:12','1988-09-30 07:33:10'),(39,39,39,'Ut qui libero ea. Laboriosam reiciendis molestias sunt earum. Et nam natus porro.','qui',8,NULL,'1970-12-27 07:51:27','2010-04-11 03:39:12'),(40,40,40,'Et voluptates magnam omnis enim cum. Qui repellat dolor aut est consequatur reiciendis. Beatae vel et voluptate tempora odio accusamus.','suscipit',647,NULL,'1992-12-06 12:21:38','1990-07-31 05:41:20'),(41,41,41,'Aut provident quia tempore libero mollitia tenetur quibusdam. Qui repudiandae esse atque molestias. Dolores eius est error et.','dolores',818060,NULL,'2016-01-09 08:00:53','2021-01-15 00:44:00'),(42,42,42,'Quia sint vero velit dolor sint velit ratione. Animi officiis aperiam consequatur necessitatibus temporibus eum qui. Possimus blanditiis voluptas amet deserunt deleniti debitis.','eligendi',38173851,NULL,'1984-12-13 13:24:03','1988-10-13 19:59:14'),(43,43,43,'In officia odit accusamus dolores soluta et. Quasi eveniet tenetur similique laboriosam. Dolorem delectus impedit et sequi quaerat culpa illum. Voluptates nostrum molestiae vel modi culpa.','repellat',398724575,NULL,'1980-10-18 12:47:47','1978-12-21 00:44:47'),(44,44,44,'Repellat ea tempore dolores ratione magnam dolore aliquid. Rerum eveniet sunt nihil temporibus. Ut nihil earum eos repellendus.','voluptatibus',3203926,NULL,'2017-03-25 11:58:02','1986-05-04 15:06:08'),(45,45,45,'Est doloribus omnis recusandae eligendi sunt blanditiis. Maxime facilis architecto laudantium soluta illum voluptas doloremque. Sit ipsum distinctio deserunt qui tempore adipisci.','dolore',693,NULL,'1970-07-13 16:37:43','2017-11-30 05:31:30'),(46,46,46,'Aliquid sunt maiores sed soluta. Placeat illum laborum qui itaque. Est ea sit omnis magni. Ut sunt doloremque nihil amet ratione.','debitis',8197,NULL,'1974-01-03 11:16:51','2002-01-10 16:03:17'),(47,47,47,'Sed provident non enim velit laboriosam. Ex quae et eum adipisci nesciunt non consequatur. Cupiditate cupiditate ipsam est laborum in animi maiores culpa. Est nam vero aut et rerum sequi consectetur architecto.','voluptatum',33,NULL,'1990-09-24 09:32:59','2016-04-14 20:01:31'),(48,48,48,'Ut quasi esse doloremque vel assumenda. Libero eius dolorum ea deserunt neque.','dolorem',75,NULL,'1971-04-06 17:07:06','2000-04-17 18:38:55'),(49,49,49,'Voluptatum enim omnis quo ut eos sequi quo. Suscipit est laboriosam repudiandae molestiae est hic totam cupiditate. Recusandae beatae velit dolor laudantium aliquam magnam. Voluptates dignissimos qui assumenda et et ad.','corrupti',819405292,NULL,'2004-04-22 18:40:28','1993-11-14 02:50:24'),(50,50,50,'Alias et in aliquid reprehenderit recusandae distinctio consectetur. Unde cum delectus quia sit dolores. Illo inventore sit asperiores et odit. Impedit qui illum eum nemo suscipit omnis.','eum',7,NULL,'1982-09-16 15:54:29','2019-09-25 17:29:35'),(51,51,51,'Voluptatem et quos labore blanditiis et architecto velit. Eligendi sed aut ea. Quibusdam vel dolor dolorum sit totam. Non laudantium perferendis aut rem.','eum',1650706,NULL,'2000-09-08 07:45:16','1974-02-13 07:29:45'),(52,52,52,'Et doloribus praesentium nihil dolores earum qui. Ea cupiditate quam sapiente quia illo iusto fuga. Voluptatem vitae qui et soluta culpa quia officiis autem.','nulla',509419,NULL,'1983-06-12 11:10:37','2003-08-20 08:50:15'),(53,53,53,'Qui dignissimos eaque est cupiditate reprehenderit dolore sit aut. Magni vel officia est nostrum. Sequi neque numquam quae fuga voluptatem.','expedita',62,NULL,'1986-02-09 16:15:55','1979-12-23 05:52:38'),(54,54,54,'Quisquam possimus et rerum accusantium. Sed earum cum distinctio. Quisquam reprehenderit omnis animi maiores eum dignissimos. Nemo quia rerum et sit sed.','est',17831126,NULL,'1993-12-13 05:49:01','2017-06-03 22:58:39'),(55,55,55,'Repudiandae ut deleniti est et voluptates. Nisi voluptatum dicta quibusdam rerum pariatur. Distinctio incidunt eum incidunt itaque. Fugiat sapiente vitae assumenda corrupti voluptate optio. Sit tenetur et animi eveniet explicabo qui voluptates iste.','accusantium',387,NULL,'1994-06-04 15:16:29','2014-09-12 18:17:49'),(56,56,56,'Officiis quod dolores quae veniam eum molestias accusantium. Ut ipsam et eum quia eligendi est. Tenetur earum voluptatum veniam exercitationem vero qui odit.','et',680,NULL,'2009-12-15 03:19:35','1993-08-24 22:50:37'),(57,57,57,'Ut necessitatibus eos sint delectus. Ut impedit eius quidem cum corporis id. Eum qui nostrum quis nisi eos a. Aut tempora hic eaque et repellendus perspiciatis debitis nostrum.','ipsa',53260503,NULL,'2011-11-19 16:37:06','1978-01-24 17:45:29'),(58,58,58,'Qui voluptatem et dignissimos voluptatem illo. Sint laboriosam maxime sed maxime consequatur odit voluptas. Natus ut quo nobis sint doloremque neque voluptate architecto. Omnis est aliquid ut tenetur.','dicta',68,NULL,'2004-11-24 06:09:03','1996-02-20 12:36:27'),(59,59,59,'Consequatur error eveniet vel corrupti quia nihil cupiditate cum. Iste voluptatem deleniti reprehenderit sed.','recusandae',3,NULL,'2000-02-06 21:00:31','2004-04-25 19:09:07'),(60,60,60,'Mollitia nulla odit delectus eius nam. Error dolor nemo quia. Dolores commodi at deserunt corrupti. Et explicabo suscipit mollitia similique illo porro id natus.','natus',63,NULL,'2020-03-14 13:37:12','2014-07-17 09:49:11'),(61,61,61,'Quisquam rerum magni atque molestiae fugiat. Qui dolor culpa consequatur quis adipisci.','ullam',82000197,NULL,'1975-06-10 21:18:31','2021-05-02 18:00:22'),(62,62,62,'Laborum eius qui doloribus doloremque qui provident. Ut autem non ipsa quo magnam corrupti. Rerum quisquam enim maiores consequuntur et quod ut cumque. In sit iste aut laboriosam non.','aut',6886,NULL,'1970-10-19 08:25:56','1992-09-06 17:23:23'),(63,63,63,'Quo ad et optio voluptas ipsa voluptates. Ipsa est natus illo veritatis doloribus omnis autem maxime. Tempore et dolores recusandae repellat consequuntur blanditiis est autem. Minus illum inventore impedit aut sed fugit voluptatem. Ex placeat enim incidunt necessitatibus repellendus iure ullam dolore.','labore',595254,NULL,'2008-03-21 23:25:22','1975-09-02 08:48:13'),(64,64,64,'Ea porro nihil autem quia maxime optio dicta. Cumque ut aspernatur qui officia nulla et odit. Natus occaecati perspiciatis alias ut est. Et non magni ut qui.','adipisci',88,NULL,'2021-03-08 12:33:57','2014-09-14 09:42:27'),(65,65,65,'Soluta reprehenderit vel dignissimos quia in. Quo illum est est omnis nesciunt. Animi et esse rerum natus ut. Asperiores veritatis minima iusto id rerum. Est excepturi est dolor consectetur enim.','ut',31293115,NULL,'2004-06-01 20:45:54','1970-09-05 10:52:03'),(66,66,66,'Velit est voluptate dolor officiis molestias et modi. Repellat autem cum ab aut magnam eaque delectus. Culpa dolores molestias nisi. Suscipit in cupiditate debitis.','fugit',8777359,NULL,'1993-11-29 03:22:17','1976-01-12 14:48:09'),(67,67,67,'Voluptatem expedita corrupti consectetur. Voluptatem repellat ut alias quae nam nihil. At eveniet temporibus officiis repellat.','provident',1658,NULL,'1970-08-23 17:30:45','2011-09-06 03:13:20'),(68,68,68,'Alias nostrum laudantium autem vel ex consequatur. Nostrum vel quos culpa facilis. A quasi quo animi eligendi cum.','eveniet',7818,NULL,'2009-07-26 19:50:41','1997-05-20 08:09:41'),(69,69,69,'Quo molestiae excepturi id natus perferendis quo. Doloremque labore aut et omnis ut et minima quod. Dolore est dolores dolorum nostrum adipisci laborum. Tempora deleniti eum sapiente rerum voluptas a.','modi',0,NULL,'2010-12-04 06:10:29','1971-09-30 05:08:52'),(70,70,70,'Perspiciatis aliquam sit debitis itaque molestiae quae tempore. Expedita asperiores nihil vel dolorum optio. Nulla aut voluptas eum vero.','dignissimos',494190,NULL,'1983-02-11 03:23:26','1983-10-10 11:00:24'),(71,71,71,'Sed voluptas ut velit nesciunt corporis reprehenderit quaerat. Voluptate facere ullam facere harum error veritatis harum. Repellat asperiores id cumque provident at magnam voluptas.','qui',851,NULL,'1975-10-24 10:24:05','1972-09-26 13:34:03'),(72,72,72,'Dolorem porro perferendis earum in. Velit qui itaque quo sint perspiciatis. In nulla qui labore accusantium.','aut',875956967,NULL,'1978-09-29 13:50:35','1979-11-17 07:13:52'),(73,73,73,'Corporis ea qui ea saepe possimus. Deleniti voluptatem repellendus eum temporibus rerum. Autem qui et numquam dolores sit provident corporis. Eveniet quod reiciendis nulla iure.','voluptatem',204533402,NULL,'1998-06-05 22:29:00','2015-03-21 14:48:42'),(74,74,74,'Aperiam quia tenetur aliquam minus omnis reprehenderit accusamus quo. Ea recusandae culpa repellat harum voluptatibus sunt provident ullam. Dicta consequatur eum voluptatem ut ipsum ipsa suscipit voluptas.','et',56709872,NULL,'1970-07-11 22:42:00','1977-02-08 13:52:11'),(75,75,75,'Delectus porro ipsa qui ea. Ut occaecati blanditiis autem quia amet molestiae. Necessitatibus omnis ducimus et consequatur explicabo officiis. Itaque tempore autem neque dicta aut.','est',0,NULL,'1977-01-08 15:59:54','2006-12-13 16:21:02'),(76,76,76,'Nemo iure autem a dolores ipsa. Magni quae impedit eos rerum quia minus eius repellat. In totam nesciunt ut enim et ut. Rerum et porro possimus rem rerum quia doloremque.','ducimus',470674137,NULL,'2017-01-23 17:52:11','1987-03-25 05:05:26'),(77,77,77,'Reiciendis qui blanditiis eveniet fuga porro atque. Reiciendis laborum est nostrum. Eligendi aut et error non deleniti ab neque.','deserunt',0,NULL,'1989-10-09 04:44:53','1986-06-19 20:20:22'),(78,78,78,'Porro dolor quibusdam ut soluta rerum dolore debitis. Consequatur id id sit voluptas asperiores tempora deserunt. Qui et dolor explicabo ipsum.','qui',1,NULL,'1980-05-18 23:10:55','1979-08-04 15:36:54'),(79,79,79,'Molestiae aliquam quo perferendis nostrum facilis ut. Voluptates cum consequatur quia esse rerum. Odio numquam et ut dolore deleniti enim.','vero',0,NULL,'2003-12-27 20:02:22','1996-07-10 20:23:54'),(80,80,80,'Et veniam sapiente voluptas. Laboriosam consequatur aut explicabo repellat rem iste maiores ut. Nihil consectetur porro eos sed quasi magni eveniet. Eaque et aliquam aut id nemo laboriosam.','eum',20774192,NULL,'2017-05-20 00:31:31','1974-09-02 06:32:15'),(81,81,81,'Quaerat aut suscipit sed expedita eaque non. Tenetur illum enim nesciunt nobis. Ut omnis occaecati perspiciatis expedita ipsum autem est.','nam',94552,NULL,'1985-10-18 01:23:04','1978-10-31 10:27:43'),(82,82,82,'Corporis ipsum id voluptate vel qui molestiae vitae. Et et neque eius. Aut eum non sint fugiat voluptas. Itaque quo dolor molestiae sunt culpa neque quam.','sapiente',0,NULL,'2004-12-27 08:21:35','2006-04-24 21:23:16'),(83,83,83,'Vel sit assumenda quo et illo exercitationem aut. Omnis repellat soluta distinctio non facere numquam. Maiores odit aut recusandae aspernatur eum sed.','necessitatibus',8545537,NULL,'2015-12-21 00:45:58','1989-06-22 22:53:16'),(84,84,84,'Et commodi sapiente praesentium repudiandae. Inventore tempore natus incidunt. Modi earum vitae voluptates nulla totam.','vel',933899,NULL,'1982-06-15 22:44:44','1995-02-05 15:50:03'),(85,85,85,'Magni facilis et commodi nihil qui. Labore accusamus et qui sunt. Iste nam suscipit fuga fugit doloremque aut id.','numquam',82855,NULL,'2006-09-13 03:27:50','2000-09-20 13:09:39'),(86,86,86,'Doloremque doloremque dolores odio voluptas veritatis. In reprehenderit cum deleniti et et in quas et. Deserunt quod harum eaque labore.','aut',349345588,NULL,'2003-07-06 23:53:04','1985-09-13 17:16:55'),(87,87,87,'Ab accusamus nulla dicta quidem corporis. Fuga repudiandae dolorem est. Qui unde ea temporibus voluptatem.','et',796615,NULL,'2011-12-26 05:39:11','1991-03-04 12:20:28'),(88,88,88,'In nesciunt inventore molestiae doloribus. Laboriosam architecto doloremque fugiat quae repellendus. Corporis recusandae adipisci sit dolorem possimus sit.','ut',515102,NULL,'1990-12-11 18:20:32','2014-08-29 20:51:40'),(89,89,89,'Culpa sit tenetur amet illo corporis et consequatur. Alias dolorem odio eos et aut eum. Quo consequatur quod facilis id.','et',0,NULL,'2008-12-26 23:19:06','1983-12-10 12:01:00'),(90,90,90,'Est odio qui ea aut est sed. Ut est nisi eos tempore.','illo',0,NULL,'1995-09-04 16:25:50','1990-11-15 05:17:56'),(91,91,91,'Expedita consequatur officia deserunt eaque aut similique quo. Iure in consequatur nobis. Minus dolore delectus ipsum distinctio quia suscipit aut.','accusantium',0,NULL,'1972-04-18 04:58:06','2005-02-16 13:40:03'),(92,92,92,'Iusto explicabo sunt ut. Porro repellat quae voluptas qui facilis sit molestias. Numquam est odit est omnis harum ipsam. Sed corporis nemo aperiam nesciunt.','et',9320,NULL,'1983-11-03 18:00:09','2002-08-28 00:32:35'),(93,93,93,'Et hic hic ea facilis consequatur ea. Iure ea sit voluptatem aut beatae non voluptate qui. Provident distinctio a nihil quo reprehenderit quaerat totam. Placeat quaerat inventore dolores voluptatem libero.','rerum',575,NULL,'1970-12-04 18:19:00','2000-03-22 11:58:48'),(94,94,94,'Omnis ut accusantium illo atque. Sed est voluptas id minus quia. Non vitae vel voluptatum quia quo sint rem.','labore',188061682,NULL,'1983-01-17 05:39:01','2019-01-02 08:27:30'),(95,95,95,'Est non qui quia qui. Error necessitatibus sunt est totam non quia laborum. Id maiores veniam vel occaecati recusandae eveniet qui. Omnis eos voluptatem ipsa error atque qui.','voluptas',3041,NULL,'2013-06-26 13:24:52','1971-09-19 18:57:33'),(96,96,96,'Nostrum laboriosam in nemo. Quas dolorum fuga repellendus tenetur labore quia necessitatibus. Error cum tempora consequatur repellat architecto quo. Voluptatum officiis qui in recusandae. Autem accusantium aut nemo fugiat.','esse',7724,NULL,'1986-02-26 23:33:25','1984-05-26 11:00:54'),(97,97,97,'Tenetur deleniti ducimus delectus aut quidem. Quam quia numquam quis hic. Error est pariatur et cupiditate. Eum tempore dolor ut esse incidunt.','et',0,NULL,'1999-09-22 02:12:46','2014-02-26 09:56:09'),(98,98,98,'Incidunt fugit dolorem commodi recusandae et. Rerum fugit nihil tenetur amet ducimus dolor voluptas ea. Deserunt molestias eos unde commodi illo et harum. Numquam explicabo similique rem est maxime.','et',377520,NULL,'2001-01-12 19:46:53','1973-07-19 01:30:56'),(99,99,99,'Non autem facere molestiae ullam id. Sapiente fuga libero at eum. Commodi laboriosam dignissimos sit rerum tempore. Vel vero aperiam molestiae ullam necessitatibus dolore sed.','et',36151,NULL,'1992-08-11 21:38:31','2011-04-20 20:55:19'),(100,100,100,'Et eligendi ratione accusantium eius ipsa. Amet quisquam possimus dolorem minima. Aliquid voluptatem ut qui qui natus quam ipsum. Molestiae perspiciatis et sapiente ea temporibus.','laudantium',75398,NULL,'1986-01-05 22:16:49','1971-08-04 02:30:22');
/*!40000 ALTER TABLE `media` ENABLE KEYS */;
UNLOCK TABLES;

--
-- Table structure for table `media_types`
--

DROP TABLE IF EXISTS `media_types`;
/*!40101 SET @saved_cs_client     = @@character_set_client */;
/*!40101 SET character_set_client = utf8 */;
CREATE TABLE `media_types` (
  `id` bigint(20) unsigned NOT NULL AUTO_INCREMENT,
  `name` varchar(255) COLLATE utf8mb4_unicode_ci DEFAULT NULL,
  `created_at` datetime DEFAULT current_timestamp(),
  `updated_at` datetime DEFAULT NULL ON UPDATE current_timestamp(),
  PRIMARY KEY (`id`)
) ENGINE=InnoDB AUTO_INCREMENT=101 DEFAULT CHARSET=utf8mb4 COLLATE=utf8mb4_unicode_ci;
/*!40101 SET character_set_client = @saved_cs_client */;

--
-- Dumping data for table `media_types`
--

LOCK TABLES `media_types` WRITE;
/*!40000 ALTER TABLE `media_types` DISABLE KEYS */;
INSERT INTO `media_types` VALUES (1,'non','2000-02-09 08:09:37','2001-11-17 19:51:49'),(2,'quidem','2010-11-23 21:39:49','2010-08-16 20:09:22'),(3,'et','2010-06-09 06:41:03','1977-08-03 14:43:33'),(4,'aut','2013-09-14 11:19:28','1999-03-01 00:20:54'),(5,'voluptatum','1977-05-14 02:05:29','1979-06-11 12:17:38'),(6,'et','1985-06-26 12:37:21','2011-05-05 06:41:46'),(7,'sapiente','2019-03-16 21:36:50','2017-09-08 11:09:21'),(8,'illum','2015-05-18 03:39:45','1985-02-26 19:20:18'),(9,'alias','1987-02-21 17:11:46','2001-07-16 11:19:18'),(10,'debitis','1994-08-11 10:21:29','1984-07-05 00:05:56'),(11,'consequatur','2011-04-08 19:53:58','1981-04-07 14:49:06'),(12,'eius','1997-02-14 04:17:46','2007-05-30 00:18:25'),(13,'id','2016-12-14 16:30:49','2006-11-20 15:47:01'),(14,'ipsum','2003-04-04 05:35:07','2017-08-06 20:55:21'),(15,'laboriosam','1993-05-21 13:36:24','1992-12-30 05:58:50'),(16,'id','2001-05-25 01:29:40','2006-11-01 13:02:17'),(17,'rerum','1993-01-01 19:00:58','1985-04-02 21:41:02'),(18,'provident','1983-05-14 12:31:04','2010-03-09 21:52:20'),(19,'tempora','1982-12-25 13:47:28','1985-06-17 21:54:22'),(20,'in','1970-02-18 15:13:50','2010-10-09 22:29:20'),(21,'modi','2005-11-16 11:22:52','1983-08-10 07:12:31'),(22,'sed','2010-02-20 15:59:04','2015-10-17 08:52:33'),(23,'porro','1998-02-14 14:20:16','1985-05-09 21:33:33'),(24,'commodi','2004-11-15 08:46:10','1991-05-10 17:18:34'),(25,'libero','2001-12-11 05:51:23','1995-03-19 18:46:38'),(26,'dolores','1977-09-15 10:17:45','1992-05-03 12:28:32'),(27,'vel','1974-07-06 02:08:50','1977-09-24 13:10:47'),(28,'id','1973-07-21 18:04:11','2018-10-30 17:16:48'),(29,'dolor','2012-01-16 03:12:31','1998-05-22 19:39:11'),(30,'provident','2017-01-21 18:48:45','1975-08-25 06:15:35'),(31,'itaque','2016-06-19 02:00:50','2016-01-21 23:40:04'),(32,'nam','2019-07-25 12:02:58','2021-06-25 19:13:15'),(33,'odio','2010-05-28 03:58:24','1999-06-14 16:19:03'),(34,'officia','1996-12-23 11:53:10','1978-06-17 16:57:23'),(35,'quasi','2002-07-25 00:58:17','1989-10-18 06:09:26'),(36,'sit','2010-12-19 17:23:24','1974-03-21 10:50:36'),(37,'et','2007-08-02 00:26:05','2019-07-10 19:24:47'),(38,'dignissimos','1981-12-13 22:13:20','2018-08-07 08:49:00'),(39,'maxime','1986-12-26 06:36:06','1975-09-18 14:23:49'),(40,'dolor','1970-11-16 05:50:45','1992-06-28 23:38:14'),(41,'earum','1979-12-30 07:43:31','1992-07-09 05:46:18'),(42,'culpa','1994-12-14 11:32:02','1984-07-10 20:32:07'),(43,'voluptates','2013-05-25 18:27:16','1994-07-17 07:22:42'),(44,'quia','2006-09-30 00:27:21','1971-04-02 17:07:03'),(45,'voluptatum','2016-04-27 05:07:24','1989-04-14 03:01:09'),(46,'nemo','1989-03-16 19:01:51','1990-09-05 22:28:30'),(47,'quis','1997-11-30 11:12:49','1997-05-05 20:05:36'),(48,'est','2008-03-29 06:36:25','2008-08-12 22:48:41'),(49,'repudiandae','1975-05-16 01:36:40','1994-07-23 18:10:00'),(50,'provident','1978-06-13 02:35:08','2013-08-02 07:33:38'),(51,'rerum','2004-05-26 11:29:03','1994-03-10 01:27:18'),(52,'laudantium','2012-06-25 13:16:32','1975-11-22 06:59:21'),(53,'minus','1978-10-15 04:20:36','1996-05-27 16:09:41'),(54,'a','2011-04-25 20:07:24','1999-03-07 15:15:25'),(55,'recusandae','2007-01-03 18:34:15','1992-01-28 19:17:53'),(56,'ratione','1979-01-26 23:49:03','2013-09-28 08:57:22'),(57,'sequi','1970-09-14 06:39:00','1973-05-11 13:29:00'),(58,'quos','2003-06-08 08:28:58','2017-02-08 06:46:50'),(59,'vero','1992-11-13 03:07:57','2005-04-14 23:44:34'),(60,'quod','1980-12-31 20:26:44','1989-11-11 17:53:07'),(61,'labore','1981-11-14 02:56:46','1970-11-10 03:55:44'),(62,'velit','2007-11-15 02:37:41','1983-08-25 23:31:18'),(63,'tempore','1990-01-17 17:01:13','1990-04-22 21:40:35'),(64,'est','1989-05-05 09:08:44','1998-06-25 10:39:11'),(65,'aliquam','2009-09-25 16:59:38','1973-12-16 11:32:50'),(66,'hic','1972-05-12 13:30:39','1997-05-06 14:21:57'),(67,'voluptatibus','1992-07-02 02:57:15','1976-06-22 07:07:07'),(68,'officiis','1998-09-05 20:34:13','1982-05-31 13:53:00'),(69,'animi','1998-06-29 13:41:51','2010-02-28 09:16:38'),(70,'hic','1975-07-15 16:21:48','1998-06-29 03:57:33'),(71,'et','2007-07-16 05:59:40','2002-12-17 17:39:08'),(72,'commodi','1991-06-03 14:20:07','2006-10-12 10:00:10'),(73,'ea','1985-09-11 20:36:07','2015-02-07 14:45:07'),(74,'est','1993-01-08 05:31:35','2003-07-08 05:35:19'),(75,'sunt','2014-02-15 15:58:51','2001-01-24 07:44:21'),(76,'eligendi','1991-08-23 03:13:51','1998-04-14 13:13:08'),(77,'deserunt','2011-12-28 23:34:18','2016-08-13 19:05:04'),(78,'repellendus','2008-02-07 06:18:03','1979-08-19 13:25:59'),(79,'error','1996-02-23 04:30:24','1995-03-29 14:59:54'),(80,'iste','1980-07-28 20:23:26','2014-02-14 02:38:55'),(81,'quod','1982-12-21 23:52:22','1982-08-11 12:15:32'),(82,'aliquid','2006-12-07 00:32:51','1984-07-07 17:54:58'),(83,'nostrum','1996-03-02 12:41:51','2000-07-14 11:39:09'),(84,'animi','2018-05-13 04:10:26','1976-07-11 00:53:46'),(85,'architecto','1977-02-17 02:28:13','1985-08-16 23:03:23'),(86,'et','1995-06-11 05:24:58','1984-10-15 20:46:38'),(87,'molestias','1971-12-25 19:24:33','2017-01-29 06:43:32'),(88,'eaque','2002-10-11 05:31:47','1979-09-08 19:51:19'),(89,'nemo','1997-07-06 20:44:13','1971-08-27 16:54:27'),(90,'fugiat','2015-05-11 10:03:40','2002-08-18 23:38:35'),(91,'sunt','1978-05-24 11:12:42','1974-05-11 12:43:40'),(92,'eos','2013-06-13 00:48:27','1984-09-10 10:35:51'),(93,'error','2017-03-17 14:15:52','1996-06-28 07:03:32'),(94,'placeat','2005-04-13 00:51:51','1991-01-27 04:11:18'),(95,'aut','1971-01-03 00:00:57','1979-04-29 22:27:40'),(96,'eius','2005-11-20 23:23:14','2019-03-22 19:21:31'),(97,'ullam','1988-04-24 02:56:00','1985-07-21 22:56:09'),(98,'asperiores','1979-11-07 17:29:37','1987-04-28 03:35:53'),(99,'et','2004-12-31 15:08:47','2004-02-09 08:00:32'),(100,'voluptatibus','2004-03-17 13:40:01','1996-01-25 11:13:55');
/*!40000 ALTER TABLE `media_types` ENABLE KEYS */;
UNLOCK TABLES;

--
-- Table structure for table `messages`
--

DROP TABLE IF EXISTS `messages`;
/*!40101 SET @saved_cs_client     = @@character_set_client */;
/*!40101 SET character_set_client = utf8 */;
CREATE TABLE `messages` (
  `id` bigint(20) unsigned NOT NULL AUTO_INCREMENT,
  `from_user_id` bigint(20) unsigned NOT NULL,
  `to_user_id` bigint(20) unsigned NOT NULL,
  `body` text COLLATE utf8mb4_unicode_ci DEFAULT NULL,
  `created_at` datetime DEFAULT current_timestamp(),
  PRIMARY KEY (`id`),
  KEY `from_user_id` (`from_user_id`),
  KEY `to_user_id` (`to_user_id`),
  CONSTRAINT `messages_ibfk_1` FOREIGN KEY (`from_user_id`) REFERENCES `users` (`id`),
  CONSTRAINT `messages_ibfk_2` FOREIGN KEY (`to_user_id`) REFERENCES `users` (`id`)
) ENGINE=InnoDB DEFAULT CHARSET=utf8mb4 COLLATE=utf8mb4_unicode_ci;
/*!40101 SET character_set_client = @saved_cs_client */;

--
-- Dumping data for table `messages`
--

LOCK TABLES `messages` WRITE;
/*!40000 ALTER TABLE `messages` DISABLE KEYS */;
/*!40000 ALTER TABLE `messages` ENABLE KEYS */;
UNLOCK TABLES;

--
-- Table structure for table `posts`
--

DROP TABLE IF EXISTS `posts`;
/*!40101 SET @saved_cs_client     = @@character_set_client */;
/*!40101 SET character_set_client = utf8 */;
CREATE TABLE `posts` (
  `id` bigint(20) unsigned NOT NULL AUTO_INCREMENT,
  `user_id` bigint(20) unsigned NOT NULL,
  `post_id` bigint(20) unsigned NOT NULL,
  `body` text COLLATE utf8mb4_unicode_ci DEFAULT NULL,
  `created_at` datetime DEFAULT current_timestamp(),
  PRIMARY KEY (`id`)
) ENGINE=InnoDB DEFAULT CHARSET=utf8mb4 COLLATE=utf8mb4_unicode_ci;
/*!40101 SET character_set_client = @saved_cs_client */;

--
-- Dumping data for table `posts`
--

LOCK TABLES `posts` WRITE;
/*!40000 ALTER TABLE `posts` DISABLE KEYS */;
/*!40000 ALTER TABLE `posts` ENABLE KEYS */;
UNLOCK TABLES;

--
-- Table structure for table `profiles`
--

DROP TABLE IF EXISTS `profiles`;
/*!40101 SET @saved_cs_client     = @@character_set_client */;
/*!40101 SET character_set_client = utf8 */;
CREATE TABLE `profiles` (
  `user_id` bigint(20) unsigned NOT NULL,
  `gender` char(1) COLLATE utf8mb4_unicode_ci DEFAULT NULL,
  `birthday` date DEFAULT NULL,
  `photo_id` bigint(20) unsigned NOT NULL,
  `created_at` datetime DEFAULT current_timestamp(),
  `hometown` varchar(100) COLLATE utf8mb4_unicode_ci DEFAULT NULL,
  UNIQUE KEY `user_id` (`user_id`),
  CONSTRAINT `fk_user_id` FOREIGN KEY (`user_id`) REFERENCES `users` (`id`) ON DELETE NO ACTION ON UPDATE CASCADE
) ENGINE=InnoDB DEFAULT CHARSET=utf8mb4 COLLATE=utf8mb4_unicode_ci;
/*!40101 SET character_set_client = @saved_cs_client */;

--
-- Dumping data for table `profiles`
--

LOCK TABLES `profiles` WRITE;
/*!40000 ALTER TABLE `profiles` DISABLE KEYS */;
INSERT INTO `profiles` VALUES (1,'7','1985-01-12',5,'1996-08-22 08:41:58','4'),(2,'4','2007-08-11',2,'1979-08-20 10:33:14',''),(3,'8','2002-01-02',9,'2011-05-12 22:02:36','3'),(4,'','2001-06-13',6,'2001-01-19 01:09:07','8'),(5,'3','1990-05-20',8,'1985-07-20 13:49:00','6'),(6,'7','1996-11-16',3,'2018-03-20 04:16:15','3'),(7,'4','1975-12-05',9,'1992-05-20 15:09:38','7'),(8,'6','2014-07-06',6,'1990-09-23 17:02:22','1'),(9,'','1985-02-06',2,'1998-05-31 19:48:17','6'),(10,'7','1990-11-08',2,'2009-06-19 18:05:28','9'),(11,'7','1991-04-03',4,'1982-12-11 23:07:14',''),(12,'5','2017-07-07',2,'1978-10-02 07:42:18','1'),(13,'','1976-11-02',4,'2010-11-28 00:24:15','9'),(14,'4','1973-09-27',3,'1989-07-02 16:53:50','6'),(15,'2','2002-09-18',7,'2014-07-09 22:39:46','7'),(16,'7','2019-07-28',5,'1989-06-01 07:22:56','7'),(17,'1','2013-11-16',8,'1990-01-09 05:40:34','5'),(18,'','2015-07-06',2,'2012-11-10 19:47:01','6'),(19,'1','1996-02-15',7,'1984-01-17 12:33:11','4'),(20,'2','2002-08-05',1,'2014-10-22 23:19:53',''),(21,'4','1991-04-30',6,'1985-10-20 20:58:59','1'),(22,'8','1980-01-13',7,'2006-09-13 09:59:26','4'),(23,'5','1998-05-09',2,'1971-12-21 16:15:36','3'),(24,'8','2009-12-08',9,'1981-01-25 04:21:43',''),(25,'8','2000-10-09',6,'2021-03-12 03:39:28','5'),(26,'4','1996-05-16',7,'2001-06-21 15:21:00','1'),(27,'8','2003-08-25',9,'1987-12-29 10:41:01','3'),(28,'2','2011-11-08',8,'2012-12-26 07:22:25','9'),(29,'1','1993-03-22',9,'1984-03-05 13:58:32',''),(30,'2','1970-01-22',9,'1980-11-22 21:24:11','8'),(31,'9','1987-08-14',6,'2008-06-11 05:47:03','4'),(32,'6','1970-06-03',5,'2012-12-15 22:28:10','2'),(33,'6','2017-12-09',9,'2013-07-03 15:15:43','8'),(34,'9','2019-08-28',0,'1977-01-08 16:36:48','3'),(35,'5','1981-01-11',1,'1992-04-11 10:06:27','1'),(36,'7','2019-11-17',2,'2001-07-06 06:58:33','2'),(37,'3','1983-01-07',5,'1974-04-12 00:21:41','3'),(38,'8','2011-07-02',8,'2004-03-11 01:53:26','8'),(39,'7','1973-03-01',2,'2007-10-17 05:59:27','4'),(40,'9','1984-04-14',8,'1996-07-27 12:49:59','6'),(41,'','2008-12-13',3,'2011-11-25 10:19:43','9'),(42,'3','1999-06-06',4,'2009-10-30 08:26:46','6'),(43,'7','2015-05-20',9,'2016-11-08 03:37:51','4'),(44,'9','1999-12-14',1,'1981-08-22 11:33:40','7'),(45,'4','1995-05-31',2,'2007-07-20 19:29:08','8'),(46,'2','1980-04-07',8,'1994-02-22 00:14:48','7'),(47,'5','2009-10-24',3,'1981-05-03 18:17:15','5'),(48,'','1984-08-10',0,'2002-09-16 10:09:57','3'),(49,'9','2000-12-20',3,'1983-12-10 03:10:07','8'),(50,'','1996-07-01',2,'2021-01-18 05:51:06','8'),(51,'5','1989-11-15',2,'1980-12-28 09:01:49','6'),(52,'','2016-08-16',9,'1997-09-29 04:35:16','5'),(53,'5','1992-02-03',1,'1999-09-06 06:19:06','8'),(54,'2','1992-01-08',9,'1999-02-01 02:23:00','6'),(55,'8','2006-11-30',8,'1994-07-21 10:52:14','6'),(56,'7','1979-12-12',3,'2020-03-08 04:00:03','8'),(57,'8','2003-07-02',4,'1993-04-22 10:06:40','7'),(58,'1','2007-08-21',0,'1996-09-24 00:19:36','4'),(59,'2','2018-09-12',3,'1971-06-27 23:59:04','2'),(60,'1','1990-12-12',5,'1983-08-15 05:17:04','5'),(61,'6','1988-07-18',7,'2003-08-16 14:15:01','9'),(62,'7','2004-09-03',6,'2009-03-22 13:11:42','4'),(63,'9','1994-06-04',8,'1977-10-30 11:50:58','1'),(64,'2','1982-12-22',0,'2004-12-08 02:22:13',''),(65,'9','1988-07-05',7,'1972-08-15 07:31:13','5'),(66,'8','1972-07-16',5,'1980-02-22 21:16:16',''),(67,'9','1979-05-21',9,'1994-10-22 06:11:08','6'),(68,'','1981-03-07',6,'1984-04-25 20:20:27',''),(69,'9','1979-12-01',6,'1984-04-07 06:04:43','9'),(70,'4','2013-12-07',0,'1988-07-03 16:15:58','7'),(71,'1','1972-11-30',6,'1978-03-22 14:13:24','1'),(72,'1','1970-07-28',2,'1972-05-27 07:22:47','8'),(73,'1','2019-09-03',2,'2015-04-16 07:58:39','9'),(74,'8','1990-11-29',4,'2006-03-04 13:42:27','4'),(75,'8','1970-03-04',3,'1986-02-27 17:38:43',''),(76,'7','2009-02-09',8,'2019-12-07 13:34:09',''),(77,'3','1997-02-18',1,'2017-12-17 13:58:52','5'),(78,'5','2020-09-14',8,'1972-05-09 17:59:22','2'),(79,'3','2019-03-07',4,'2017-07-16 02:23:50',''),(80,'9','1996-10-09',1,'1993-09-04 01:34:04',''),(81,'9','2000-04-28',5,'2005-02-02 00:16:44','5'),(82,'4','2002-11-04',8,'1998-06-11 10:57:40','8'),(83,'5','1972-03-09',3,'2018-11-13 14:43:47','1'),(84,'3','2021-06-18',2,'2009-02-17 22:57:50','9'),(85,'1','1976-07-12',7,'2002-12-02 03:14:03','4'),(86,'7','2016-11-12',8,'1990-04-27 07:48:40','5'),(87,'','1973-02-08',9,'1982-10-17 09:45:26','4'),(88,'9','1977-06-09',3,'2008-04-29 07:56:53','2'),(89,'9','1985-07-01',5,'2002-09-10 04:27:53','9'),(90,'4','1986-08-23',6,'2008-12-18 23:42:02','3'),(91,'9','2016-06-26',0,'2018-07-16 22:21:24','8'),(92,'5','1972-02-29',5,'2006-06-17 11:04:22','2'),(93,'4','2015-08-03',9,'2011-01-10 04:23:51','7'),(94,'4','1973-09-13',3,'1971-08-19 22:10:54','7'),(95,'3','2000-07-20',1,'1997-06-26 14:15:02','3'),(96,'7','1997-11-22',7,'2013-01-16 06:00:13','2'),(97,'1','1999-01-19',7,'1987-10-14 06:34:55','6'),(98,'7','1977-07-07',8,'2015-02-23 15:57:49','5'),(99,'4','1983-12-26',0,'2002-12-31 01:01:05','5'),(100,'2','2021-04-10',7,'2007-08-15 09:47:22','3'),(101,'8','2019-11-12',0,'1987-08-06 04:25:30','3'),(102,'2','2006-01-02',5,'1983-07-11 19:03:16','4'),(103,'5','1988-01-01',8,'1982-10-25 01:20:39','4'),(104,'','1994-11-03',9,'1991-03-15 22:37:12','2'),(105,'6','1998-08-26',1,'1975-10-17 07:18:56','9'),(106,'2','2003-05-22',0,'1983-07-31 05:33:45','3'),(107,'6','1994-05-15',5,'1992-08-08 16:44:07','7'),(108,'','1970-12-11',2,'2013-08-09 23:17:24','3'),(109,'1','1977-02-04',9,'1986-05-01 09:31:28','2'),(110,'9','1979-04-17',9,'2008-10-03 23:35:22','9'),(111,'4','1995-01-06',1,'1970-12-08 10:07:30','3'),(112,'5','2008-12-22',3,'1989-09-02 20:28:43',''),(113,'7','1979-06-23',6,'1989-09-24 19:16:13','6'),(114,'2','1990-08-19',3,'2013-10-15 09:55:19','2'),(115,'9','2014-11-27',1,'1975-06-30 07:40:53','8'),(116,'5','2006-11-16',6,'2008-08-31 11:05:47',''),(117,'8','2016-10-22',0,'1978-11-10 22:32:34','6'),(118,'5','1999-08-03',2,'1990-08-09 05:30:17','5'),(119,'2','2018-01-08',5,'2010-10-24 15:47:53','2'),(120,'9','1987-04-26',4,'1988-08-17 01:42:30','3'),(121,'1','1983-08-22',8,'1993-12-04 03:46:24','4'),(122,'6','1979-11-30',0,'2009-09-26 13:04:44','1'),(123,'5','1978-07-12',5,'1988-02-09 18:06:34','7'),(124,'1','2005-03-27',7,'1997-06-27 23:15:58','7'),(125,'1','1990-02-02',5,'1974-03-14 03:32:22','9'),(126,'6','1986-01-31',0,'2013-03-11 08:56:29','1'),(127,'','2013-06-30',0,'1983-12-15 18:02:04','4'),(128,'4','2006-01-27',9,'2008-04-26 11:26:19','9'),(129,'','1978-09-21',8,'1987-05-01 20:58:08',''),(130,'6','2020-09-13',3,'1993-02-20 21:31:15','4'),(131,'','2015-12-07',8,'1970-11-15 00:20:54','4'),(132,'1','1972-11-01',4,'1971-08-29 08:57:21','9'),(133,'4','1995-08-12',4,'1979-08-20 01:59:25','3'),(134,'1','1978-11-05',2,'1984-11-23 17:54:44','6'),(135,'5','2017-01-03',1,'2004-04-14 20:02:12','3'),(136,'2','1973-04-27',0,'1994-07-19 19:19:03','7'),(137,'5','1996-02-29',1,'1970-07-24 05:13:38',''),(138,'4','1979-05-02',2,'2004-02-17 07:54:43','1'),(139,'8','1997-06-24',0,'1984-03-18 08:04:52','6'),(140,'5','1987-02-15',5,'1984-03-12 22:30:03','6'),(141,'2','1997-02-18',7,'2012-07-08 06:33:49','7'),(142,'1','1987-07-15',5,'1991-07-22 07:46:53','2'),(143,'2','1993-03-12',3,'2002-07-11 02:30:45','3'),(144,'4','2002-04-08',2,'1976-03-27 20:44:56','3'),(145,'6','2010-05-04',6,'2006-06-13 17:38:42','9'),(146,'1','2005-04-30',1,'2011-08-06 12:25:36','8'),(147,'2','1979-09-15',0,'2000-10-29 20:00:44','5'),(148,'2','1986-05-20',1,'2006-07-28 10:55:40','1'),(149,'3','2018-12-01',8,'2003-09-10 02:28:53','3'),(150,'1','1976-08-14',2,'2018-09-16 03:40:09','7'),(151,'1','1985-10-08',0,'1976-10-27 01:08:41','6'),(152,'4','1970-07-09',3,'2005-05-12 07:55:04','8'),(153,'6','2005-12-14',9,'1977-02-25 19:04:27','6'),(154,'6','1996-07-25',7,'1980-03-05 14:07:03','6'),(155,'','2008-09-16',3,'2014-02-23 12:27:38','4'),(156,'3','1974-05-21',2,'1977-12-27 03:35:46','5'),(157,'1','1991-01-17',3,'1973-04-19 14:48:24','1'),(158,'5','2010-04-06',6,'2012-01-16 18:11:51','3'),(159,'8','1983-07-17',8,'1985-08-20 04:57:29','8'),(160,'7','2003-05-14',9,'1996-09-06 23:47:05','2'),(161,'1','1987-12-17',3,'1976-04-09 05:38:30','9'),(162,'9','1975-11-26',6,'2018-09-18 01:42:09','7'),(163,'7','1993-07-25',5,'1994-01-27 04:42:24','2'),(164,'4','1981-02-26',4,'2002-05-12 23:42:04','1'),(165,'7','1992-02-23',5,'1973-02-07 19:33:23','8'),(166,'7','2019-11-02',8,'2000-11-30 01:05:32','9'),(167,'2','1978-06-08',5,'1994-12-14 18:26:15','4'),(168,'','2011-08-27',5,'2020-12-22 01:06:52','8'),(169,'1','1976-05-26',5,'2009-01-27 21:37:01','3'),(170,'2','1997-11-26',2,'2004-07-20 09:20:01','1'),(171,'2','2008-03-06',9,'2013-12-21 06:33:37','4'),(172,'8','1974-05-05',1,'2001-11-12 14:44:21','8'),(173,'','2006-12-12',4,'1977-02-13 11:55:05','6'),(174,'7','1981-01-23',1,'1985-09-02 22:50:51','5'),(175,'2','2014-08-21',3,'1998-10-11 14:22:28','6'),(176,'8','1989-01-18',3,'2013-07-22 11:01:53','7'),(177,'2','2014-12-28',8,'1995-11-04 21:20:33','2'),(178,'4','1993-02-01',2,'1985-07-12 21:19:06','2'),(179,'','2019-07-30',4,'2003-01-05 01:45:18','9'),(180,'5','1991-10-26',4,'1984-12-22 08:03:05','4'),(181,'3','1970-02-22',8,'2012-09-09 19:27:57','4'),(182,'2','1970-09-21',2,'2002-03-14 01:18:18','5'),(183,'9','1988-02-12',8,'1992-02-18 21:30:15','6'),(184,'2','2019-07-02',2,'2020-08-24 00:02:01','6'),(185,'3','2020-10-30',8,'1996-12-28 19:33:05','2'),(186,'2','1980-07-22',3,'2012-01-09 05:35:58','7'),(187,'2','2011-11-25',4,'1974-07-21 00:33:07','5'),(188,'2','1974-03-09',3,'2017-11-03 15:35:22','9'),(189,'','2001-05-20',6,'2020-05-30 01:17:22','7'),(190,'6','1995-10-31',6,'2005-09-25 05:49:54','7'),(191,'9','2012-03-13',6,'2010-08-27 05:06:50','8'),(192,'1','2006-04-25',1,'2019-12-02 05:56:05','3'),(193,'5','1971-05-11',1,'1987-10-10 11:27:35',''),(194,'2','1970-12-31',8,'2020-05-07 10:26:02','4'),(195,'','2001-11-04',9,'2008-07-19 10:32:07','8'),(196,'4','2017-07-11',8,'1992-04-13 17:02:15','7'),(197,'7','1984-08-16',2,'2017-07-22 06:38:55','1'),(198,'3','1989-05-04',3,'2007-12-07 13:15:02','9'),(199,'9','2017-12-22',8,'2017-01-05 16:16:41','8'),(200,'3','1998-03-06',5,'2013-12-23 19:44:28','');
/*!40000 ALTER TABLE `profiles` ENABLE KEYS */;
UNLOCK TABLES;

--
-- Table structure for table `users`
--

DROP TABLE IF EXISTS `users`;
/*!40101 SET @saved_cs_client     = @@character_set_client */;
/*!40101 SET character_set_client = utf8 */;
CREATE TABLE `users` (
  `id` bigint(20) unsigned NOT NULL AUTO_INCREMENT,
  `firstname` varchar(50) COLLATE utf8mb4_unicode_ci DEFAULT NULL,
  `lastname` varchar(50) COLLATE utf8mb4_unicode_ci DEFAULT NULL,
  `email` varchar(120) COLLATE utf8mb4_unicode_ci DEFAULT NULL,
  `password_hash` varchar(100) COLLATE utf8mb4_unicode_ci DEFAULT NULL,
  `phone` bigint(20) unsigned DEFAULT NULL,
  PRIMARY KEY (`id`),
  UNIQUE KEY `email` (`email`),
  UNIQUE KEY `phone` (`phone`),
  KEY `users_firstname_lastname_idx` (`firstname`,`lastname`)
) ENGINE=InnoDB AUTO_INCREMENT=201 DEFAULT CHARSET=utf8mb4 COLLATE=utf8mb4_unicode_ci COMMENT='юзеры';
/*!40101 SET character_set_client = @saved_cs_client */;

--
-- Dumping data for table `users`
--

LOCK TABLES `users` WRITE;
/*!40000 ALTER TABLE `users` DISABLE KEYS */;
INSERT INTO `users` VALUES (1,'Tia','Shields','purdy.mary@example.com','aefdbcbc952f8fb04413f7ade957425a2523524b',NULL),(2,'Hector','Walsh','losinski@example.com','166fbea64fcbddda311f93f2dd896374c74877ff',NULL),(3,'Adriel','Hirthe','june.legros@example.com','9b638e55f901630665b0b7a2f126ee1d68a95dc3',NULL),(4,'Madeline','Feest','sherman.gorczany@example.com','27ab496cc2fd701d7e3ee4c80f307861f33576a7',NULL),(5,'Aida','Christiansen','collier.jameson@example.com','6d206f80db44ada71245b8572b3b6a47e1b5b0fa',NULL),(6,'Ethel','Metz','robb96@example.org','915de06d3ab861b18c23adfe5f8bf0c50d64ddad',NULL),(7,'Alejandra','Greenfelder','sauer.serenity@example.com','4fefcb5e5a77e0eeee8fdcee5246cb089acac5cd',NULL),(8,'Josie','Balistreri','alvera19@example.net','299bfd8b969f2aed8e958b1a242043da1e70538f',NULL),(9,'Christop','Windler','wterry@example.com','ee424459a595abaf1d7834c1a41827c33bac9885',NULL),(10,'Axel','Brakus','jamil.mitchell@example.org','c377a124578e81efb4ca577adb546efa16b73b9d',NULL),(11,'Mollie','Hahn','leone05@example.org','08558b51de95787bbe2214d7088d5676f5fbea32',NULL),(12,'Mary','Harris','mcglynn.imani@example.net','bb0ca001f4bd4943b98c5f8d2a53cf7eb1ccd18e',NULL),(13,'Jameson','Koelpin','carlie.kuvalis@example.net','83348de125cd3bb2b20f3716493f00acc16101a3',NULL),(14,'Mark','Krajcik','wcassin@example.org','3d3663b00b65f80569ceacfee287cf2ff7ba9118',NULL),(15,'Viviane','Wintheiser','glover.darrell@example.net','a511b580a708f5815ec19e057ab3a3688205d8f7',NULL),(16,'Eda','Stamm','yjast@example.net','4ce7b5a20177288a134602ddc056e8a3be60d437',NULL),(17,'Frederic','D\'Amore','lenora.mueller@example.org','de4e9640e35bb7fb5b975f17d359511d79b83913',NULL),(18,'Candace','Sporer','braun.jeff@example.org','1b672d3bca86c8b4c1d109f3f46a28c6112c81d2',NULL),(19,'Delphia','Deckow','igraham@example.net','81f06878edfa4ae56f6db82862239a6c27dd7c2b',NULL),(20,'Amara','Champlin','ullrich.major@example.com','46f5900535b18732f95c84173aec8cac1799ab3c',NULL),(21,'Anahi','Volkman','pbeer@example.org','2aeff86f06769a8e6d7d658421a744807a973b9a',NULL),(22,'Juston','McClure','klocko.julien@example.com','1ec954ad6d835f427158514165fc46610654486f',NULL),(23,'Kelly','Bogisich','hazle59@example.net','b59e98e79f3ddf810f905513c72e4e72da276ac0',NULL),(24,'Libby','Maggio','jzemlak@example.org','32a295d5968c04afac5f11ce49164cd78a429c39',NULL),(25,'Helmer','Dietrich','otilia.hahn@example.org','9c82a2f3a1daf83aedcecc35fc5b84296d3295df',NULL),(26,'Cathrine','Boyle','jovani.hilll@example.net','85a1b8bf8d0175f0909b95573119ec3a53425852',NULL),(27,'Lamont','Berge','poberbrunner@example.org','f253fc418ed3651352827cfa3b8bb2f02cb0d281',NULL),(28,'Cristopher','D\'Amore','emilia78@example.com','4a6161afe157a0bbc93ce88ee6f702c084953028',NULL),(29,'America','Sauer','gberge@example.org','0ed87e7f962cc3240d506cce4256baa40aa14848',NULL),(30,'Skye','Spencer','hills.casper@example.com','21436db253e8e5579cbffb8da82715ba3c2dacc1',NULL),(31,'Moshe','Rice','leuschke.ines@example.net','8cb2c805a0761650b25871933193914696f8a679',NULL),(32,'Kayley','Okuneva','robyn.weissnat@example.com','5c48719299992494eb6b2844fd10059c9464efc5',NULL),(33,'Aliya','Hirthe','hlindgren@example.net','208afa3a6a9a7a6a831281f5c6578b4d2678023d',NULL),(34,'Keon','O\'Kon','selena52@example.com','7206d0d2bbda47a2eea40ebc09ac44937ea131a3',NULL),(35,'Elfrieda','Carter','desiree97@example.net','05307337fe767b49e057ee28857eed13550d4b74',NULL),(36,'Oma','Dicki','keeling.tristian@example.org','23625be7d70b246dd9454d65aae988a0ce499c23',NULL),(37,'Chloe','Lynch','george24@example.org','2463819c3a937faf2d37e5355af2fdc1ef202125',NULL),(38,'Una','Buckridge','alexanne63@example.com','c9819dc15e8a29729a573e909e0070ac1760f882',NULL),(39,'Miguel','Ernser','otha33@example.org','7d9f61649d7c585711b233c14964ebe7023dc6a0',NULL),(40,'Margret','Stehr','madaline.legros@example.net','ca82c44aa0a5ccf529b32dfc6e4d2763164b754a',NULL),(41,'Turner','Prosacco','metz.casey@example.net','643814821b9e5fd399be350b007fda2a5a1afcf9',NULL),(42,'Stan','Smitham','leuschke.kaitlin@example.com','3bc3d9684cd45eaa9a8a02f48e74e3c8ca246be9',NULL),(43,'Keshawn','VonRueden','virginie43@example.org','7fe639849e89978a00325df343269e229d648e35',NULL),(44,'Heath','Boyer','ernestine47@example.com','999e7031c0fc215030dc7083441114ad10cca682',NULL),(45,'Gussie','Bauch','hlehner@example.net','a376571a0566dea1dffd7fada5a28d753e97f0d1',NULL),(46,'Oma','Gulgowski','kassandra.schuster@example.com','248aeae3a32c0a56d249144418984680b6c1d773',NULL),(47,'Jessika','Kunde','cstamm@example.org','b130fa68518ead0ae3228c5933b6cb46a7a70fdc',NULL),(48,'Angelina','Effertz','mblock@example.com','38dfde7afe95a4685c82b7fdb0b8dfce95f76bca',NULL),(49,'Jayda','Bernier','yesenia.swaniawski@example.net','34ba5c4cb5549b2ba5225144fc84ea2bf82c2458',NULL),(50,'Jordyn','Fahey','fgoodwin@example.net','d76a2fae85eb9a8417760fcf223406f61680943a',NULL),(51,'Emily','Batz','joanne.kutch@example.com','007198fa3e960873f388c86e12a219b4a4752eaa',NULL),(52,'Immanuel','Marquardt','kunde.tyler@example.com','c83f2e40792a56daa67b57c4dee0c7b4bcb4f852',NULL),(53,'Haskell','Emmerich','huel.johnnie@example.com','c611fbd2ca0c44410bd7e28d4e9c1f4888a0afc0',NULL),(54,'Betty','Homenick','esteban.hahn@example.org','5026a961fb251385196e806b5d7f4133d3d05bd3',NULL),(55,'Jovani','McLaughlin','abagail.monahan@example.com','37325fffe1945810074f4001ecf03227f99506c0',NULL),(56,'Jayda','Strosin','lang.tomasa@example.org','dc9e027baf58a0d594f56d519ec94d62c61c681b',NULL),(57,'Breanna','Jenkins','adam50@example.net','33294bdf2e1ecbe77b6caf1d197f2f5e23afbeda',NULL),(58,'Jarrett','Kreiger','adell79@example.com','677139098880f480e5b06ff8f8d011c4ed6faa84',NULL),(59,'Veronica','Wolf','hjacobs@example.net','99c327ac1e64ba6ce0ea3a926d1ddda6eaf047f0',NULL),(60,'Mina','Metz','aschaden@example.net','3734996429bbdd2c15e6374cfcf56b47f7faa1c4',NULL),(61,'Abdiel','Leuschke','hickle.eriberto@example.com','ffbfba47962deb827ac868e62101e18f3dfb29c1',NULL),(62,'Rhianna','Kiehn','swaniawski.laney@example.net','1cb8c0d41a23b73b130e4e183bf3c2230364adb7',NULL),(63,'Kiley','Tromp','tyson.kshlerin@example.org','8e8000b7ec2db438de0f232e3be9ade2600b6037',NULL),(64,'Caroline','Kub','jacobson.nikita@example.com','0b8c2644a50892d9e410552a821de8a41ffb5675',NULL),(65,'Bernadette','Kulas','carolyn.prohaska@example.com','2edb10d9152c953b58b6ae4092df4ba59116def4',NULL),(66,'Amari','Harber','smedhurst@example.com','4f394c9801b6af20ef56301289e60586b3e7ed4e',NULL),(67,'Adele','Ebert','muller.geraldine@example.com','b19763d91b76edd82e0aa2fec2ddcc58224bc6be',NULL),(68,'Howard','Stokes','eleuschke@example.org','dda25a3efb13712f10e07b509d9930b5950070e2',NULL),(69,'Twila','Luettgen','prudence.armstrong@example.org','76fcad75d820f85bc0d4a366c4d2a5c0deca52ba',NULL),(70,'Xzavier','Schmidt','wendy.mann@example.net','2706350da0fd62e5a8c39ce6c98482c477e254c3',NULL),(71,'Candido','Goldner','gibson.kris@example.org','ac0248a792f17caae5713412f6c766e0d8d2b083',NULL),(72,'Laila','Emard','gianni63@example.net','262d224165eb80d6a8969d6e0e3be7bf9cbca7a1',NULL),(73,'Darlene','O\'Kon','kolby.wehner@example.com','85705190e2c8d8e7fbfb8d0c257342212f1ce602',NULL),(74,'Wava','Roberts','reynolds.turner@example.com','b7ab5512591fae730783cdd95d893e9899340e32',NULL),(75,'Jarvis','Green','ankunding.fritz@example.net','f21a4f455a3f487d7a4e0278baa67589318fa938',NULL),(76,'Michelle','Becker','kuphal.jailyn@example.org','47eb18dbf0a6bd74814aa1222e27e5cb1d66474e',NULL),(77,'Owen','Farrell','florencio96@example.org','a4065e703893f4dfacef0dbdfa61e7dcd111f901',NULL),(78,'Duane','Boyer','skunze@example.org','e43723cd03f539d1e4117ca445e03f492af7085c',NULL),(79,'Jannie','Schaefer','annette.windler@example.net','339481492bdb5b4813f63c095020e2a233a44340',NULL),(80,'Pete','Hegmann','heller.cyril@example.com','9bae0540b4c19303efc6490a24d158fa8a295b86',NULL),(81,'Oswaldo','Schmitt','nyasia79@example.org','fc5eb6ec1861786a01935484bad8e114ee51c233',NULL),(82,'Curtis','Koelpin','kitty.bogan@example.org','5af97df23052d0e4cbb67989a76f47485889ee92',NULL),(83,'Otis','Botsford','hagenes.janick@example.org','d23604e4d20b1aedfca6039b055b956d79dc0bb5',NULL),(84,'Estel','Anderson','roger.gutkowski@example.org','457e2c0acab5346d38f6549e8309813d42ed2e4e',NULL),(85,'Neil','Jakubowski','jaqueline.funk@example.com','ae219fa377c5f4813cb31ffee0fbe171d566589f',NULL),(86,'Arnulfo','Hegmann','nhomenick@example.com','e0a785411e27d73ae1dd1ee07771bde4fbd482ca',NULL),(87,'Jalon','Gleichner','richie.maggio@example.com','9572212d96b768884c05d15e557223eb2befc0e2',NULL),(88,'Hazle','Turner','dora94@example.com','a6dbaf2afc12046bdfd63f6b9c3e88eeb638c057',NULL),(89,'Van','Kuhn','stracke.jazmyn@example.net','5e1e31ca7ba62b11888a630663c707ca7988085a',NULL),(90,'Raina','Yost','marlin.nader@example.net','c37bfe25a97909c7bb3414249516447daf118569',NULL),(91,'Jairo','Brakus','nelle.altenwerth@example.com','697eb7de3444f9d9039c5f5934c249054a5f99b0',NULL),(92,'Tevin','Nikolaus','francisca40@example.com','8190ba7a5ea55282aca8be859dee09305ef13e5f',NULL),(93,'Wilfred','Gorczany','johnson.audra@example.com','ee2fff963af65d0f08dfa3f5715326d7d616bb38',NULL),(94,'Haley','Lindgren','rolfson.ned@example.net','cb09004656291905e2605aa89bc1374c44891e45',NULL),(95,'Ramiro','Kautzer','astrid28@example.net','9603eb4bd08d248438634dc37615294ea9b89ace',NULL),(96,'Germaine','Cassin','sporer.zackery@example.org','1c66487560bc17b6c26838ec9234af650426c912',NULL),(97,'Gia','Paucek','moen.toby@example.org','0cd4537292f1b977752cd14366d573b385a120f0',NULL),(98,'Lucio','Parker','jarrett.wisozk@example.net','fe9a44037540ade4bda4b669ebb561791b425458',NULL),(99,'Nicholaus','Carroll','harvey.rowe@example.net','dcb643f38231e8c7a00917d19d5c059af11d8eed',NULL),(100,'Pearline','Marks','jprice@example.org','6f4b438b3a03749e51a02182e214da9e6c264c79',NULL),(101,'Keyshawn','Waters','mitchell.maritza@example.com','4dd6401028aca59409dbc3134b0da0ef6b3de1fb',NULL),(102,'Mireya','O\'Connell','qhalvorson@example.net','cfd139dfe9ff818a0f453a4155c3fad8b58f67fa',NULL),(103,'Keven','Swaniawski','clement.kihn@example.org','b1d521c0fe70db95519dade287c7d1a3639df932',NULL),(104,'Ruby','Little','gregg45@example.com','2a5a43339ee68988d12ff147c227f0e9544e26b6',NULL),(105,'Macie','Bashirian','linnea33@example.com','1bb634666e8c92b4b424a57e37b917df792da515',NULL),(106,'Stephania','Wilkinson','corwin.deshaun@example.com','b469866606f45ea10fb81009723c61fe53ba07b4',NULL),(107,'Annette','Moen','dorcas.senger@example.net','01455965f80d5f9ac83637176eed8271cbedebd6',NULL),(108,'Madisen','Lemke','blanda.jaida@example.com','e3e8e8d2e05b05f1a84075ad8f0d711641eb87c1',NULL),(109,'Olin','Haley','alexzander.purdy@example.org','b5b98dbaa69f6d9e4d76dce5537050d091b9b7f9',NULL),(110,'Darion','Hills','catalina.hilll@example.net','48d709fcd62ab46c718b63d13f78cde56ffb68ca',NULL),(111,'Laverna','Robel','zgleichner@example.com','d11d00be26b5fc435f2fc662f79e35b7dcc02cab',NULL),(112,'Lea','Will','cielo20@example.com','8c855942bef43b8862cabc4975fe6b5b8a97b48c',NULL),(113,'Carter','Stokes','mann.america@example.net','071284ee7611d0900c424135b1e88fabcbe04f95',NULL),(114,'Maxine','Batz','juana.mayer@example.org','260368751dd6b57e9db3095872a83000793cd248',NULL),(115,'Keyshawn','Ortiz','efrain60@example.org','d4c96f269a0c4d5b751a34ab6b127e0651984bad',NULL),(116,'Karen','Rath','ybosco@example.org','26e38c058db12f133340f10552ec8e78d42f1ccd',NULL),(117,'Roel','O\'Connell','gayle13@example.com','190cb50596dbcbc4f02a89c0270379fead8edea4',NULL),(118,'Baron','Brakus','rosenbaum.willy@example.org','759e088909a2ef04adeaed9fb9f3cb126082b256',NULL),(119,'Andres','Herman','boris.howe@example.net','1d029704f8da7461b695adcbed06db1467c68934',NULL),(120,'Vivienne','Goodwin','cheyanne22@example.net','65395f09b17c0d0cc46d025fc6ab157c37e54420',NULL),(121,'Shawna','Stiedemann','zboncak.reynold@example.org','a10e8c46472234b74f6125ef80510a4de8cc2381',NULL),(122,'Isaac','Cronin','bailee.hamill@example.org','84a497d590adba7c48c035e42eabbd1480aafde0',NULL),(123,'Candace','Wisozk','strosin.horacio@example.org','1a6611efb772e333f456035f0f93d80c86f6d80b',NULL),(124,'Eve','Larkin','chyna23@example.org','90c7fa6719f11408a9c3c074520d9047fd21370e',NULL),(125,'Sunny','Ullrich','ldurgan@example.net','00840ef391566ea3e97b5d8b9e9bffdbf0974be6',NULL),(126,'Jordy','Kautzer','rnolan@example.org','35b5bd877d45f3621ee96a17603d43825a22ee3e',NULL),(127,'Adelia','Huels','portiz@example.org','9e000c1efa91f671154d6e1a4080743882e00968',NULL),(128,'Andres','McDermott','kane85@example.org','06802a26f8e962ea4a2950977daab9ca130b828d',NULL),(129,'Jana','Wolf','janick51@example.com','242b6352c692e5b64ed84c950a1d5b5629420c99',NULL),(130,'Bria','Vandervort','jazmyn.schmitt@example.net','c45f1dd11224ef2f1435693af50463547bbaccd3',NULL),(131,'Lewis','Steuber','waters.lavonne@example.org','7f36510ab91ed5644609222d651a2431f3baecb9',NULL),(132,'Keshaun','Quitzon','windler.orlando@example.net','4941c5b5ce5cc4e59a7f454a46495e72f796d7a9',NULL),(133,'Alice','Wuckert','raegan.maggio@example.com','ad4682e189cf7524156055df8cdd3ca9750731cd',NULL),(134,'Isadore','Bailey','susan.bailey@example.com','647ef9ef638483aad949a3fd608ba86e4c9794c5',NULL),(135,'Raquel','Kemmer','dallas.marks@example.com','9719111f71b34b428d9815f3853145b64442e271',NULL),(136,'Nedra','Larkin','antonetta72@example.net','e5c5da3b47ad241e10ca7ff9a17969d06f8a3051',NULL),(137,'Makayla','Langosh','jprohaska@example.com','8653f2d5b3ffe5db88711c6a51601c24bbba60e6',NULL),(138,'Erika','Lakin','mike.predovic@example.net','765a4e98cbb1c153908b762887db717c77713979',NULL),(139,'Phoebe','Kub','zoila.wilkinson@example.org','3385fe751dc6c2f593b90d6df0cdc2f0a53e23f6',NULL),(140,'Norberto','Anderson','wilbert.anderson@example.net','537889c8920465db8027479e18554367aed5bfe3',NULL),(141,'Morton','Wisoky','cristina.prosacco@example.org','f9ab9d737bef1b6d8d9d9c009822db53de7c86bb',NULL),(142,'Leon','Walsh','joanie13@example.net','989a6fbcb20bf1354dcfa1ce1983953794cbe5f6',NULL),(143,'Alexa','Sanford','weissnat.narciso@example.org','00f2b04c59c1c3219da305ac7c46f0af06283d37',NULL),(144,'Gaetano','Davis','terry.hillary@example.com','7a384ed5123c5ae8b333d34a80074e8adfae13d1',NULL),(145,'Werner','Huel','dickinson.ardella@example.net','11c9aa289b06c315645a31761eeccc256facb94c',NULL),(146,'Dave','Gulgowski','bradtke.connor@example.org','2e96f12edfbd711de4108c2cdc7d68ff8b70d499',NULL),(147,'Parker','Jones','morris.white@example.org','614afa1ec39595a1d851b694fee7a80267626080',NULL),(148,'Nettie','Tillman','gorczany.angus@example.org','f921e661066c7d831b4748c9fb9a419ff6acda91',NULL),(149,'Roel','McDermott','zwilderman@example.org','98eaa3ea3913dc644a4390f317d6b2e0ac89fbfe',NULL),(150,'Ida','Prohaska','mterry@example.org','053b1732632c4de6a583d4b653fc05775793b835',NULL),(151,'Rebeka','Schmeler','carolina29@example.com','62d769cd1ac7f4b6514d2cc41039e0218f8573fb',NULL),(152,'Lera','McGlynn','maggio.keyshawn@example.org','b9e84b256b376be41aa8c56d48c9a6bfa74831bf',NULL),(153,'Esmeralda','Greenholt','sjacobi@example.net','dfe411cab11a5bda9eaf8e0cf41b23efdf253162',NULL),(154,'Milford','Treutel','zschuster@example.net','cb994f941541529b861a79bfc42c4965ccdb357f',NULL),(155,'Hulda','Sauer','albina.herman@example.com','b9b562ccf748c4c557a2613e0efb050f65b26dbf',NULL),(156,'Phoebe','Schimmel','collins.kelsie@example.org','795696e4d1f8ee0f807c0bad8b086832bd29c86d',NULL),(157,'Eduardo','Rogahn','clara20@example.net','af5779dc8cc48a993cab5d7015f67210ae3814c1',NULL),(158,'Velma','Fay','tanderson@example.com','f2d62925c1de1f427bf9e4064dc5fa614d7d28d0',NULL),(159,'Lane','Lakin','erich47@example.org','76c5adfa3adb1e93324245dde36b9cf9666977e0',NULL),(160,'Maximilian','Kiehn','osinski.franco@example.org','a55ebd21a3e6f00d7794fc1c0af23d9c30b3dac1',NULL),(161,'Eula','Wehner','easter95@example.com','b2d918bc1f87088ccd9abe7c654bc641a3da6e02',NULL),(162,'Alexander','Vandervort','ignatius64@example.com','39b688adf7f3cc5f14e4a9dd8c0d979bdde629ba',NULL),(163,'Cyrus','Towne','lynch.allen@example.com','16f25c6460b82a6df283d3804ddfadad695b6a58',NULL),(164,'Marianna','Herzog','champlin.abel@example.com','9202e649fb7904c746a2128583d617767de27dcd',NULL),(165,'Mikel','Larson','priscilla33@example.org','a060373f3ed45af5e8f874d2b350d6c5b6d6ba32',NULL),(166,'Nelle','Metz','mossie93@example.net','3c11976a195839c307c29de6b9ef84ded15717ca',NULL),(167,'Charley','Smith','cconnelly@example.net','88bb7b380633c651b9039ba615f2823ba81f5d16',NULL),(168,'Damaris','Thompson','renee56@example.net','b95bf4c9772342bcf16cf5a1deaa4c27f71d6239',NULL),(169,'Isabella','Vandervort','brayan14@example.com','b2e74ae298e7379d93ca702bfc32c5e1d7cb37f7',NULL),(170,'Jamey','Block','zella78@example.org','14ab6e25ff6a23507c2f67a551bcd9c04470d73b',NULL),(171,'Malika','Sipes','cummerata.beulah@example.net','b7b06b0061aa780e135263854173cfdec111b9ad',NULL),(172,'Marianne','Terry','selina.smith@example.com','931add714f7dfc8a0cab8c023999508064ae83d8',NULL),(173,'Shemar','Christiansen','janie.stoltenberg@example.com','1a07cde8acb176bdfb1b321f17a205ac2436a468',NULL),(174,'Bianka','Howell','fiona.lynch@example.org','61e246f680b95cff69b4e16e06af27e869bda45b',NULL),(175,'Karianne','Johnston','cleveland.nader@example.net','25b7daafc8eeaeb0075e283de38361a9abd56c63',NULL),(176,'Neva','Fahey','jrath@example.com','47bd469a6259d5bdaecdf4c5ce29b819c7e3679f',NULL),(177,'Alexandrine','Stroman','russell.kshlerin@example.com','de51c3d1d00ad634d489689a983d97cb6c414993',NULL),(178,'Madisyn','Gislason','leila.parker@example.com','8e2a82f504aa85ce82b792b731b7182d90e60245',NULL),(179,'Manuela','Haag','trantow.virginia@example.net','fec8aad1861b48be46a1d52e6ad3f53a6b7c65f3',NULL),(180,'Cassandre','Thiel','hammes.elias@example.org','9393db49bc83bfee5055ea92bda2461661de0ade',NULL),(181,'Garett','Gottlieb','carmella.armstrong@example.org','dbed149815368239e9916e71c281973411ba210e',NULL),(182,'Diego','Mitchell','deven48@example.org','2326c08273ea3fe9c7563509d30738357fe8fbdb',NULL),(183,'Faustino','Casper','bertha86@example.net','a30109203d9bd4b8ab7fa9e25564052dc8bb94f8',NULL),(184,'Verna','Murray','beaulah22@example.com','a94c5dda1346faa2a880ab19ba8a03ca562cb54f',NULL),(185,'Diamond','Doyle','brenda.mertz@example.com','1fd9c703d6040946d875b52584f2975eff7cf00d',NULL),(186,'Carmela','Cruickshank','casper.vida@example.org','ba6edef7bee87f2b1ab43144ffb65b7fda6c2c68',NULL),(187,'Jena','Walker','cristobal65@example.net','72710ffb5222df8722b5d6ec3dc1af3721cd3053',NULL),(188,'Sophia','Rutherford','lauretta08@example.net','02fbea2e2c3a7bd09b363bf9850960bf48a3cf0a',NULL),(189,'Adah','Leannon','zemlak.aric@example.org','2d0a25ff4f85d953feb188a54db22b8e1f3d0b70',NULL),(190,'Hunter','Mohr','savannah.zboncak@example.net','3f48594c888477b995e2af95902bd31689334a3e',NULL),(191,'Joannie','Conroy','kaylee40@example.net','044e5d256a641fcc0d774968011970de3c7bdcfb',NULL),(192,'Erik','Kuhic','brigitte53@example.org','82d91c5d7a7757fede27b34592d24548710cba80',NULL),(193,'Manuel','Veum','eldora.friesen@example.net','9f30f8f3f0451f9c6c989a56dfd2a51cf9fb0e54',NULL),(194,'Burley','Klocko','wheaney@example.org','64948871c77e19d3f16fb34afe6cf3e80f3b7c28',NULL),(195,'Corine','Nicolas','larry.denesik@example.net','78647e6218af50a623980a468da74b5f38944c06',NULL),(196,'Garth','Klocko','abshire.micheal@example.com','ab20ef36c5440b6769cd769e864b9a0dfbe9dfc0',NULL),(197,'Sally','Hodkiewicz','umetz@example.net','7873d3e1dc0930e155fc04b99e64d4a1bb99e832',NULL),(198,'Conor','Ledner','shermann@example.org','17edb92021251d417508cc341d4258e130e85164',NULL),(199,'Warren','Wolf','gjakubowski@example.net','ee50de126279e6ff44a0e91cfbbbd3d537f27d7e',NULL),(200,'Jonathan','Kshlerin','nathan.kassulke@example.org','275dcb28ef84d935a54e08e8b477b3955f5d73d9',NULL);
/*!40000 ALTER TABLE `users` ENABLE KEYS */;
UNLOCK TABLES;

--
-- Table structure for table `users_communities`
--

DROP TABLE IF EXISTS `users_communities`;
/*!40101 SET @saved_cs_client     = @@character_set_client */;
/*!40101 SET character_set_client = utf8 */;
CREATE TABLE `users_communities` (
  `user_id` bigint(20) unsigned NOT NULL,
  `community_id` bigint(20) unsigned NOT NULL,
  PRIMARY KEY (`user_id`,`community_id`),
  KEY `community_id` (`community_id`),
  CONSTRAINT `users_communities_ibfk_1` FOREIGN KEY (`user_id`) REFERENCES `users` (`id`),
  CONSTRAINT `users_communities_ibfk_2` FOREIGN KEY (`community_id`) REFERENCES `communities` (`id`)
) ENGINE=InnoDB DEFAULT CHARSET=utf8mb4 COLLATE=utf8mb4_unicode_ci;
/*!40101 SET character_set_client = @saved_cs_client */;

--
-- Dumping data for table `users_communities`
--

LOCK TABLES `users_communities` WRITE;
/*!40000 ALTER TABLE `users_communities` DISABLE KEYS */;
/*!40000 ALTER TABLE `users_communities` ENABLE KEYS */;
UNLOCK TABLES;
/*!40103 SET TIME_ZONE=@OLD_TIME_ZONE */;

/*!40101 SET SQL_MODE=@OLD_SQL_MODE */;
/*!40014 SET FOREIGN_KEY_CHECKS=@OLD_FOREIGN_KEY_CHECKS */;
/*!40014 SET UNIQUE_CHECKS=@OLD_UNIQUE_CHECKS */;
/*!40101 SET CHARACTER_SET_CLIENT=@OLD_CHARACTER_SET_CLIENT */;
/*!40101 SET CHARACTER_SET_RESULTS=@OLD_CHARACTER_SET_RESULTS */;
/*!40101 SET COLLATION_CONNECTION=@OLD_COLLATION_CONNECTION */;
/*!40111 SET SQL_NOTES=@OLD_SQL_NOTES */;

-- Dump completed on 2021-07-24 13:37:23

